TIME,SEX,Cause,Value
2005,Males,Meningococcal infection,12
2006,Males,Meningococcal infection,14
2001,Females,Meningococcal infection,15
2002,Females,Meningococcal infection,15
2006,Females,Meningococcal infection,17
2007,Males,Meningococcal infection,17
2007,Females,Meningococcal infection,17
2008,Females,Meningococcal infection,17
2003,Females,Meningococcal infection,18
2004,Males,Meningococcal infection,18
2004,Females,Meningococcal infection,18
2008,Males,Meningococcal infection,18
2005,Females,Meningococcal infection,19
2002,Males,Meningococcal infection,21
2004,Females,"Drug dependence, toxicomania (F11-F16, F18-F19)",22
2002,Females,"Drug dependence, toxicomania (F11-F16, F18-F19)",25
2006,Females,"Drug dependence, toxicomania (F11-F16, F18-F19)",25
2003,Males,Meningococcal infection,26
2007,Females,"Drug dependence, toxicomania (F11-F16, F18-F19)",27
2001,Males,Meningococcal infection,30
2005,Females,"Drug dependence, toxicomania (F11-F16, F18-F19)",30
2003,Females,"Drug dependence, toxicomania (F11-F16, F18-F19)",31
2008,Females,"Drug dependence, toxicomania (F11-F16, F18-F19)",31
2001,Females,"Drug dependence, toxicomania (F11-F16, F18-F19)",36
2005,Females,"Pregnancy, childbirth and the puerperium (O00-O99)",47
2006,Males,Influenza,50
2007,Females,Congenital malformations of the nervous system,52
2002,Females,Congenital malformations of the nervous system,54
2004,Males,Influenza,56
2005,Females,Congenital malformations of the nervous system,59
2008,Females,Congenital malformations of the nervous system,59
2001,Females,"Pregnancy, childbirth and the puerperium (O00-O99)",61
2004,Females,"Pregnancy, childbirth and the puerperium (O00-O99)",61
2005,Males,Congenital malformations of the nervous system,63
2006,Females,Congenital malformations of the nervous system,64
2008,Females,"Pregnancy, childbirth and the puerperium (O00-O99)",64
2002,Males,Congenital malformations of the nervous system,65
2003,Females,"Pregnancy, childbirth and the puerperium (O00-O99)",66
2003,Females,Meningitis,67
2005,Females,Event of undetermined intent,67
2006,Females,"Pregnancy, childbirth and the puerperium (O00-O99)",68
2008,Males,Congenital malformations of the nervous system,68
2008,Females,Event of undetermined intent,68
2007,Males,Congenital malformations of the nervous system,69
2007,Females,"Pregnancy, childbirth and the puerperium (O00-O99)",70
2004,Females,Congenital malformations of the nervous system,74
2008,Females,Meningitis,75
2001,Males,Influenza,76
2006,Females,Meningitis,76
2006,Females,Event of undetermined intent,76
2003,Males,Congenital malformations of the nervous system,77
2006,Females,Influenza,77
2006,Males,Meningitis,78
2005,Females,Meningitis,79
2007,Males,Meningitis,79
2008,Males,Meningitis,79
2001,Males,Meningitis,80
2001,Females,Meningitis,81
2002,Females,"Pregnancy, childbirth and the puerperium (O00-O99)",81
2003,Males,Meningitis,82
2003,Females,Congenital malformations of the nervous system,82
2007,Females,Event of undetermined intent,82
2008,Males,Influenza,82
2004,Males,Meningitis,83
2005,Males,Meningitis,83
2006,Males,Congenital malformations of the nervous system,84
2007,Females,Sudden infant death syndrome,85
2004,Males,Congenital malformations of the nervous system,87
2004,Females,Event of undetermined intent,87
2001,Males,Congenital malformations of the nervous system,88
2007,Females,Meningitis,89
2003,Females,Sudden infant death syndrome,90
2001,Females,Congenital malformations of the nervous system,92
2002,Females,Meningitis,92
2005,Females,Sudden infant death syndrome,94
2002,Males,Meningitis,96
2007,Males,Influenza,96
2004,Females,Meningitis,97
2001,Females,Influenza,100
2004,Females,Sudden infant death syndrome,106
2004,Females,Influenza,107
2008,Females,Sudden infant death syndrome,109
2006,Females,Sudden infant death syndrome,113
2002,Females,Sudden infant death syndrome,115
2003,Males,"Drug dependence, toxicomania (F11-F16, F18-F19)",120
2002,Males,"Drug dependence, toxicomania (F11-F16, F18-F19)",121
2003,Females,Event of undetermined intent,121
2001,Females,Sudden infant death syndrome,123
2008,Females,Influenza,124
2001,Males,"Drug dependence, toxicomania (F11-F16, F18-F19)",127
2007,Males,Sudden infant death syndrome,133
2008,Males,"Rheumatoid arthritis and arthrosis (M05-M06,M15-M19)",136
2006,Males,"Rheumatoid arthritis and arthrosis (M05-M06,M15-M19)",137
2007,Males,"Rheumatoid arthritis and arthrosis (M05-M06,M15-M19)",138
2004,Males,"Drug dependence, toxicomania (F11-F16, F18-F19)",144
2006,Males,Sudden infant death syndrome,144
2005,Males,"Drug dependence, toxicomania (F11-F16, F18-F19)",145
2005,Males,"Rheumatoid arthritis and arthrosis (M05-M06,M15-M19)",149
2002,Males,"Rheumatoid arthritis and arthrosis (M05-M06,M15-M19)",150
2004,Males,"Rheumatoid arthritis and arthrosis (M05-M06,M15-M19)",152
2008,Males,Sudden infant death syndrome,152
2007,Females,Influenza,153
2003,Males,"Rheumatoid arthritis and arthrosis (M05-M06,M15-M19)",155
2006,Females,Assault,159
2004,Males,Sudden infant death syndrome,160
2001,Males,"Rheumatoid arthritis and arthrosis (M05-M06,M15-M19)",164
2005,Males,Sudden infant death syndrome,165
2007,Females,Assault,166
2008,Females,Assault,166
2005,Females,Assault,168
2008,Males,"Drug dependence, toxicomania (F11-F16, F18-F19)",171
2007,Males,"Drug dependence, toxicomania (F11-F16, F18-F19)",172
2003,Males,Sudden infant death syndrome,173
2006,Males,"Drug dependence, toxicomania (F11-F16, F18-F19)",176
2001,Males,Malignant neoplasm of breast,177
2008,Females,Human immunodeficiency virus [HIV] disease,180
2002,Males,Sudden infant death syndrome,183
2002,Males,Malignant neoplasm of breast,188
2003,Males,Malignant neoplasm of breast,188
2006,Males,Malignant neoplasm of breast,191
2003,Males,Influenza,192
2008,Males,Malignant neoplasm of breast,195
2003,Females,Assault,197
2007,Females,Human immunodeficiency virus [HIV] disease,197
2001,Females,Event of undetermined intent,202
2005,Males,Malignant neoplasm of breast,203
2004,Males,Malignant neoplasm of breast,206
2001,Females,Assault,210
2002,Females,Assault,211
2004,Females,Assault,213
2006,Females,Human immunodeficiency virus [HIV] disease,218
2002,Males,Influenza,219
2007,Males,Malignant neoplasm of breast,225
2001,Males,Sudden infant death syndrome,229
2002,Females,Event of undetermined intent,232
2005,Females,Human immunodeficiency virus [HIV] disease,232
2001,Females,Human immunodeficiency virus [HIV] disease,248
2003,Females,Human immunodeficiency virus [HIV] disease,250
2004,Females,Human immunodeficiency virus [HIV] disease,252
2007,Females,Congenital malformations of the circulatory system,254
2002,Females,Human immunodeficiency virus [HIV] disease,257
2008,Females,Congenital malformations of the circulatory system,261
2005,Females,Congenital malformations of the circulatory system,268
2007,Males,Assault,268
2008,Males,Congenital malformations of the circulatory system,279
2003,Females,Influenza,283
2002,Females,Congenital malformations of the circulatory system,286
2003,Females,Congenital malformations of the circulatory system,287
2006,Females,Congenital malformations of the circulatory system,292
2004,Females,Congenital malformations of the circulatory system,293
2008,Males,Event of undetermined intent,300
2003,Males,Assault,306
2008,Females,Tuberculosis,310
2004,Males,Assault,311
2001,Females,Congenital malformations of the circulatory system,312
2005,Males,Congenital malformations of the circulatory system,312
2007,Females,Viral hepatitis,317
2007,Females,Tuberculosis,318
2002,Males,Congenital malformations of the circulatory system,321
2001,Males,Assault,324
2002,Males,Assault,325
2005,Males,Assault,326
2006,Males,Assault,327
2001,Males,Congenital malformations of the circulatory system,329
2003,Females,Viral hepatitis,329
2006,Males,Congenital malformations of the circulatory system,330
2006,Females,Viral hepatitis,335
2008,Males,Asthma and status asthmaticus,336
2002,Females,Influenza,337
2004,Males,Congenital malformations of the circulatory system,340
2003,Males,Congenital malformations of the circulatory system,341
2006,Females,Tuberculosis,341
2004,Females,Viral hepatitis,342
2008,Males,Tuberculosis,343
2008,Males,Assault,347
2007,Males,Congenital malformations of the circulatory system,354
2005,Females,Viral hepatitis,355
2008,Females,Viral hepatitis,359
2007,Males,Tuberculosis,364
2005,Males,Influenza,368
2007,Males,Asthma and status asthmaticus,368
2005,Males,Event of undetermined intent,376
2006,Males,Asthma and status asthmaticus,388
2006,Females,"Ulcer of stomach, duodenum and jejunum",393
2006,Males,"Ulcer of stomach, duodenum and jejunum",398
2007,Males,"Ulcer of stomach, duodenum and jejunum",398
2004,Males,Viral hepatitis,399
2004,Males,Event of undetermined intent,399
2006,Males,Tuberculosis,402
2004,Females,Tuberculosis,404
2002,Males,Accidental poisoning by and exposure to noxious substances,405
2002,Females,Viral hepatitis,405
2003,Males,Viral hepatitis,406
2006,Males,Viral hepatitis,407
2007,Males,Viral hepatitis,408
2004,Males,Asthma and status asthmaticus,410
2004,Males,"Ulcer of stomach, duodenum and jejunum",412
2007,Females,"Ulcer of stomach, duodenum and jejunum",413
2006,Males,Event of undetermined intent,414
2005,Females,Tuberculosis,418
2005,Females,"Ulcer of stomach, duodenum and jejunum",423
2007,Males,Event of undetermined intent,425
2005,Males,Viral hepatitis,430
2004,Females,"Ulcer of stomach, duodenum and jejunum",431
2004,Males,Tuberculosis,433
2005,Males,Asthma and status asthmaticus,433
2001,Females,Viral hepatitis,439
2008,Males,"Ulcer of stomach, duodenum and jejunum",440
2003,Females,Tuberculosis,441
2005,Males,Tuberculosis,443
2002,Females,"Ulcer of stomach, duodenum and jejunum",446
2008,Females,"Ulcer of stomach, duodenum and jejunum",448
2006,Females,"Rheumatoid arthritis and arthrosis (M05-M06,M15-M19)",449
2002,Females,Accidental poisoning by and exposure to noxious substances,458
2001,Males,Accidental poisoning by and exposure to noxious substances,459
2002,Females,Tuberculosis,462
2008,Males,Viral hepatitis,462
2005,Females,Accidental poisoning by and exposure to noxious substances,464
2004,Females,Accidental poisoning by and exposure to noxious substances,466
2005,Males,"Ulcer of stomach, duodenum and jejunum",466
2004,Males,Accidental poisoning by and exposure to noxious substances,467
2001,Males,Viral hepatitis,471
2002,Males,Viral hepatitis,472
2004,Females,"Rheumatoid arthritis and arthrosis (M05-M06,M15-M19)",475
2003,Females,"Ulcer of stomach, duodenum and jejunum",481
2001,Males,"Ulcer of stomach, duodenum and jejunum",486
2002,Males,"Ulcer of stomach, duodenum and jejunum",493
2007,Females,"Rheumatoid arthritis and arthrosis (M05-M06,M15-M19)",494
2001,Females,Accidental poisoning by and exposure to noxious substances,496
2003,Males,"Ulcer of stomach, duodenum and jejunum",501
2007,Males,Diseases of the skin and subcutaneous tissue (L00-L99),504
2008,Females,"Rheumatoid arthritis and arthrosis (M05-M06,M15-M19)",505
2003,Males,Event of undetermined intent,506
2002,Males,Tuberculosis,507
2003,Females,Accidental poisoning by and exposure to noxious substances,507
2005,Females,"Rheumatoid arthritis and arthrosis (M05-M06,M15-M19)",510
2006,Females,Accidental poisoning by and exposure to noxious substances,510
2003,Males,Accidental poisoning by and exposure to noxious substances,513
2001,Females,Tuberculosis,516
2003,Males,Asthma and status asthmaticus,516
2001,Females,"Ulcer of stomach, duodenum and jejunum",517
2007,Females,Accidental poisoning by and exposure to noxious substances,517
2003,Males,Tuberculosis,518
2008,Males,Human immunodeficiency virus [HIV] disease,518
2008,Males,Diseases of the skin and subcutaneous tissue (L00-L99),532
2005,Males,Diseases of the skin and subcutaneous tissue (L00-L99),535
2001,Males,Tuberculosis,545
2006,Males,Diseases of the skin and subcutaneous tissue (L00-L99),546
2001,Males,Event of undetermined intent,553
2003,Females,"Rheumatoid arthritis and arthrosis (M05-M06,M15-M19)",555
2004,Males,Diseases of the skin and subcutaneous tissue (L00-L99),555
2006,Males,Accidental poisoning by and exposure to noxious substances,555
2002,Males,Asthma and status asthmaticus,559
2005,Males,Accidental poisoning by and exposure to noxious substances,571
2001,Females,"Rheumatoid arthritis and arthrosis (M05-M06,M15-M19)",575
2004,Females,Mental and behavioural disorders due to use of alcohol,581
2002,Females,"Rheumatoid arthritis and arthrosis (M05-M06,M15-M19)",583
2001,Females,Mental and behavioural disorders due to use of alcohol,589
2002,Males,Event of undetermined intent,594
2007,Males,Human immunodeficiency virus [HIV] disease,597
2007,Females,Mental and behavioural disorders due to use of alcohol,601
2003,Males,Diseases of the skin and subcutaneous tissue (L00-L99),613
2008,Females,Asthma and status asthmaticus,613
2006,Females,Mental and behavioural disorders due to use of alcohol,619
2002,Females,Mental and behavioural disorders due to use of alcohol,625
2001,Males,Diseases of the skin and subcutaneous tissue (L00-L99),628
2008,Females,Mental and behavioural disorders due to use of alcohol,629
2008,Females,Accidental poisoning by and exposure to noxious substances,630
2001,Females,Malignant melanoma of skin,631
2002,Males,Diseases of the skin and subcutaneous tissue (L00-L99),634
2006,Females,Certain conditions originating in the perinatal period (P00-P96),638
2005,Females,Mental and behavioural disorders due to use of alcohol,639
2007,Females,Certain conditions originating in the perinatal period (P00-P96),642
2005,Females,Influenza,643
2001,Males,Asthma and status asthmaticus,647
2003,Females,Mental and behavioural disorders due to use of alcohol,656
2006,Females,Asthma and status asthmaticus,657
2004,Females,Malignant melanoma of skin,661
2005,Females,Certain conditions originating in the perinatal period (P00-P96),661
2002,Females,Malignant melanoma of skin,666
2006,Males,Human immunodeficiency virus [HIV] disease,668
2003,Females,Certain conditions originating in the perinatal period (P00-P96),673
2005,Females,Malignant neoplasm of oesophagus,674
2007,Females,Malignant melanoma of skin,675
2004,Females,Certain conditions originating in the perinatal period (P00-P96),676
2003,Females,Malignant melanoma of skin,684
2005,Males,Human immunodeficiency virus [HIV] disease,685
2003,Females,Malignant neoplasm of oesophagus,690
2007,Females,Asthma and status asthmaticus,694
2008,Females,Certain conditions originating in the perinatal period (P00-P96),695
2004,Females,Malignant neoplasm of oesophagus,697
2002,Females,Certain conditions originating in the perinatal period (P00-P96),698
2001,Females,Malignant neoplasm of oesophagus,699
2002,Females,"Congenital malformations, deformations and chromosomal abnormalities (Q00-Q99)",703
2003,Females,"Malignant neoplasm of lip, oral cavity, pharynx",707
2007,Males,Accidental poisoning by and exposure to noxious substances,709
2007,Females,"Congenital malformations, deformations and chromosomal abnormalities (Q00-Q99)",711
2007,Females,Malignant neoplasm of cervix uteri,714
2005,Females,Malignant melanoma of skin,716
2005,Females,"Congenital malformations, deformations and chromosomal abnormalities (Q00-Q99)",717
2006,Females,Malignant neoplasm of oesophagus,719
2006,Females,"Congenital malformations, deformations and chromosomal abnormalities (Q00-Q99)",724
2002,Females,Malignant neoplasm of cervix uteri,727
2002,Males,Malignant melanoma of skin,733
2007,Females,"Malignant neoplasm of lip, oral cavity, pharynx",733
2006,Females,"Malignant neoplasm of lip, oral cavity, pharynx",734
2001,Females,"Malignant neoplasm of lip, oral cavity, pharynx",738
2004,Females,"Malignant neoplasm of lip, oral cavity, pharynx",740
2008,Females,"Congenital malformations, deformations and chromosomal abnormalities (Q00-Q99)",740
2006,Females,Malignant melanoma of skin,741
2006,Females,Malignant neoplasm of cervix uteri,744
2004,Females,"Congenital malformations, deformations and chromosomal abnormalities (Q00-Q99)",745
2001,Females,Certain conditions originating in the perinatal period (P00-P96),748
2008,Females,Malignant melanoma of skin,750
2004,Females,Asthma and status asthmaticus,753
2005,Females,"Malignant neoplasm of lip, oral cavity, pharynx",754
2005,Females,Asthma and status asthmaticus,758
2002,Females,Malignant neoplasm of oesophagus,759
2001,Males,Malignant melanoma of skin,761
2005,Females,Malignant neoplasm of cervix uteri,761
2008,Males,"Congenital malformations, deformations and chromosomal abnormalities (Q00-Q99)",762
2008,Females,"Malignant neoplasm of lip, oral cavity, pharynx",762
2003,Males,Malignant melanoma of skin,764
2004,Males,Human immunodeficiency virus [HIV] disease,766
2004,Females,Malignant neoplasm of cervix uteri,768
2003,Females,"Congenital malformations, deformations and chromosomal abnormalities (Q00-Q99)",774
2004,Males,Malignant melanoma of skin,775
2008,Females,Malignant neoplasm of oesophagus,776
2008,Females,Malignant neoplasm of cervix uteri,776
2002,Males,"Congenital malformations, deformations and chromosomal abnormalities (Q00-Q99)",777
2007,Females,Malignant neoplasm of oesophagus,780
2003,Females,Malignant neoplasm of cervix uteri,782
2008,Males,Accidental poisoning by and exposure to noxious substances,785
2001,Females,Malignant neoplasm of cervix uteri,793
2003,Males,Human immunodeficiency virus [HIV] disease,794
2002,Females,"Malignant neoplasm of lip, oral cavity, pharynx",796
2001,Females,"Congenital malformations, deformations and chromosomal abnormalities (Q00-Q99)",798
2005,Males,Malignant melanoma of skin,810
2006,Males,Malignant melanoma of skin,818
2005,Males,"Congenital malformations, deformations and chromosomal abnormalities (Q00-Q99)",828
2004,Males,"Congenital malformations, deformations and chromosomal abnormalities (Q00-Q99)",831
2002,Males,Human immunodeficiency virus [HIV] disease,835
2006,Males,"Congenital malformations, deformations and chromosomal abnormalities (Q00-Q99)",843
2003,Males,"Congenital malformations, deformations and chromosomal abnormalities (Q00-Q99)",858
2007,Males,Certain conditions originating in the perinatal period (P00-P96),859
2005,Males,Certain conditions originating in the perinatal period (P00-P96),867
2001,Females,Asthma and status asthmaticus,871
2002,Females,Asthma and status asthmaticus,872
2008,Males,Certain conditions originating in the perinatal period (P00-P96),876
2007,Males,Malignant melanoma of skin,879
2004,Males,Certain conditions originating in the perinatal period (P00-P96),889
2001,Males,Human immunodeficiency virus [HIV] disease,892
2001,Males,"Congenital malformations, deformations and chromosomal abnormalities (Q00-Q99)",892
2003,Females,Asthma and status asthmaticus,895
2007,Males,"Congenital malformations, deformations and chromosomal abnormalities (Q00-Q99)",899
2003,Males,Certain conditions originating in the perinatal period (P00-P96),910
2006,Males,Certain conditions originating in the perinatal period (P00-P96),910
2008,Males,Malignant melanoma of skin,916
2002,Males,Certain conditions originating in the perinatal period (P00-P96),947
2006,Males,Diseases of the blood and blood-forming organs and certain disorders involving the immune mechanism,962
2003,Males,Diseases of the blood and blood-forming organs and certain disorders involving the immune mechanism,976
2005,Males,Diseases of the blood and blood-forming organs and certain disorders involving the immune mechanism,983
2001,Males,Diseases of the blood and blood-forming organs and certain disorders involving the immune mechanism,1000
2004,Males,Diseases of the blood and blood-forming organs and certain disorders involving the immune mechanism,1003
2008,Males,Diseases of the blood and blood-forming organs and certain disorders involving the immune mechanism,1004
2001,Males,Certain conditions originating in the perinatal period (P00-P96),1006
2002,Females,Malignant neoplasm of bladder,1019
2007,Females,"Malignant neoplasm of kidney, except renal pelvis",1021
2002,Males,Diseases of the blood and blood-forming organs and certain disorders involving the immune mechanism,1023
2007,Males,Diseases of the blood and blood-forming organs and certain disorders involving the immune mechanism,1025
2001,Females,Malignant neoplasm of bladder,1029
2008,Females,Transport accidents (V01-V99),1045
2008,Females,"Malignant neoplasm of kidney, except renal pelvis",1049
2004,Females,"Malignant neoplasm of kidney, except renal pelvis",1089
2003,Females,Malignant neoplasm of bladder,1091
2006,Females,"Malignant neoplasm of kidney, except renal pelvis",1110
2008,Females,Diseases of the skin and subcutaneous tissue (L00-L99),1124
2001,Females,"Malignant neoplasm of kidney, except renal pelvis",1125
2007,Males,Diseases of the musculoskeletal system and connective tissue (M00-M99),1138
2005,Females,Malignant neoplasm of bladder,1139
2002,Females,"Malignant neoplasm of kidney, except renal pelvis",1143
2004,Females,Malignant neoplasm of bladder,1153
2005,Females,"Malignant neoplasm of kidney, except renal pelvis",1156
2006,Females,Malignant neoplasm of bladder,1156
2003,Females,"Malignant neoplasm of kidney, except renal pelvis",1158
2004,Females,Diseases of the blood and blood-forming organs and certain disorders involving the immune mechanism,1161
2007,Females,Transport accidents (V01-V99),1162
2007,Females,Diseases of the blood and blood-forming organs and certain disorders involving the immune mechanism,1163
2008,Females,Malignant neoplasm of bladder,1177
2007,Females,Malignant neoplasm of bladder,1183
2006,Females,Transport accidents (V01-V99),1197
2007,Females,Diseases of the skin and subcutaneous tissue (L00-L99),1200
2002,Females,Diseases of the blood and blood-forming organs and certain disorders involving the immune mechanism,1229
2005,Females,Diseases of the blood and blood-forming organs and certain disorders involving the immune mechanism,1231
2006,Males,Diseases of the musculoskeletal system and connective tissue (M00-M99),1234
2004,Males,Diseases of the musculoskeletal system and connective tissue (M00-M99),1251
2008,Females,Diseases of the blood and blood-forming organs and certain disorders involving the immune mechanism,1252
2005,Males,Diseases of the musculoskeletal system and connective tissue (M00-M99),1256
2005,Females,Diseases of the skin and subcutaneous tissue (L00-L99),1256
2006,Females,Diseases of the blood and blood-forming organs and certain disorders involving the immune mechanism,1272
2006,Females,Diseases of the skin and subcutaneous tissue (L00-L99),1284
2003,Males,Diseases of the musculoskeletal system and connective tissue (M00-M99),1288
2001,Females,Diseases of the blood and blood-forming organs and certain disorders involving the immune mechanism,1292
2002,Males,Diseases of the musculoskeletal system and connective tissue (M00-M99),1315
2008,Males,Diseases of the musculoskeletal system and connective tissue (M00-M99),1344
2004,Females,Diseases of the skin and subcutaneous tissue (L00-L99),1354
2003,Females,Diseases of the blood and blood-forming organs and certain disorders involving the immune mechanism,1360
2001,Males,Diseases of the musculoskeletal system and connective tissue (M00-M99),1387
2004,Females,Transport accidents (V01-V99),1390
2005,Females,Transport accidents (V01-V99),1404
2003,Females,Transport accidents (V01-V99),1538
2002,Females,Diseases of the skin and subcutaneous tissue (L00-L99),1585
2001,Females,Diseases of the skin and subcutaneous tissue (L00-L99),1587
2003,Females,Diseases of the skin and subcutaneous tissue (L00-L99),1680
2001,Females,Malignant neoplasm of liver and intrahepatic bile ducts,1705
2007,Females,Malignant neoplasm of stomach,1734
2001,Females,"Malignant neoplasm of rectosigmoid junction, rectum, anus and anal canal",1780
2006,Females,Malignant neoplasm of stomach,1784
2002,Females,Malignant neoplasm of liver and intrahepatic bile ducts,1788
2002,Females,"Malignant neoplasm of rectosigmoid junction, rectum, anus and anal canal",1792
2008,Females,Malignant neoplasm of stomach,1821
2004,Females,Malignant neoplasm of liver and intrahepatic bile ducts,1839
2007,Females,"Malignant neoplasm of rectosigmoid junction, rectum, anus and anal canal",1842
2003,Females,Malignant neoplasm of liver and intrahepatic bile ducts,1856
2003,Females,"Malignant neoplasm of rectosigmoid junction, rectum, anus and anal canal",1857
2005,Females,Malignant neoplasm of stomach,1867
2003,Females,Malignant neoplasm of stomach,1878
2004,Females,"Malignant neoplasm of rectosigmoid junction, rectum, anus and anal canal",1879
2006,Females,"Malignant neoplasm of rectosigmoid junction, rectum, anus and anal canal",1892
2004,Females,Malignant neoplasm of stomach,1894
2005,Females,Malignant neoplasm of liver and intrahepatic bile ducts,1922
2002,Males,"Malignant neoplasm of kidney, except renal pelvis",1929
2002,Females,Transport accidents (V01-V99),1930
2001,Males,"Malignant neoplasm of kidney, except renal pelvis",1937
2007,Females,Malignant neoplasm of liver and intrahepatic bile ducts,1937
2008,Females,"Malignant neoplasm of rectosigmoid junction, rectum, anus and anal canal",1959
2004,Males,"Malignant neoplasm of kidney, except renal pelvis",1960
2005,Females,"Malignant neoplasm of rectosigmoid junction, rectum, anus and anal canal",1968
2006,Females,Malignant neoplasm of liver and intrahepatic bile ducts,1972
2005,Males,"Malignant neoplasm of kidney, except renal pelvis",1977
2001,Females,Mental and behavioural disorders (F00-F99),10527
2002,Females,Mental and behavioural disorders (F00-F99),10733
2004,Females,Diseases of the digestive system (K00-K93),10809
2006,Females,Diseases of the digestive system (K00-K93),10820
2007,Females,Diseases of the digestive system (K00-K93),10833
2006,Females,Accidents,10861
2003,Males,Diseases of the nervous system and the sense organs (G00-H95),10897
2005,Females,Diseases of the digestive system (K00-K93),10950
2007,Females,Accidents,10951
2007,Females,"Endocrine, nutritional and metabolic diseases (E00-E90)",11019
2008,Females,Diseases of the digestive system (K00-K93),11049
2008,Females,Accidents,11051
2004,Females,Accidents,11078
2001,Females,Malignant neoplasm of breast,11088
2004,Females,"Endocrine, nutritional and metabolic diseases (E00-E90)",11101
2006,Females,"Endocrine, nutritional and metabolic diseases (E00-E90)",11117
2005,Males,Diseases of the nervous system and the sense organs (G00-H95),11207
2003,Females,Malignant neoplasm of breast,11276
2008,Females,"Endocrine, nutritional and metabolic diseases (E00-E90)",11286
2002,Females,Malignant neoplasm of breast,11301
2004,Females,Malignant neoplasm of breast,11333
2005,Females,"Endocrine, nutritional and metabolic diseases (E00-E90)",11367
2005,Females,Accidents,11370
2006,Males,Diseases of the nervous system and the sense organs (G00-H95),11398
2001,Females,Diseases of the digestive system (K00-K93),11428
2005,Females,Malignant neoplasm of breast,11466
2003,Females,Mental and behavioural disorders (F00-F99),11487
2007,Females,Malignant neoplasm of breast,11522
2002,Females,Diseases of the digestive system (K00-K93),11529
2003,Females,Diseases of the digestive system (K00-K93),11556
2006,Females,Malignant neoplasm of breast,11584
2007,Males,Diseases of the nervous system and the sense organs (G00-H95),11612
2001,Females,"Endocrine, nutritional and metabolic diseases (E00-E90)",11668
2008,Females,Malignant neoplasm of breast,11781
2002,Females,"Endocrine, nutritional and metabolic diseases (E00-E90)",12047
2001,Females,Diseases of the nervous system and the sense organs (G00-H95),12230
2008,Males,Diseases of the nervous system and the sense organs (G00-H95),12373
2004,Males,Diseases of the digestive system (K00-K93),12538
2007,Males,Diseases of the digestive system (K00-K93),12641
2002,Females,Accidents,12693
2005,Males,Diseases of the digestive system (K00-K93),12758
2006,Males,Diseases of the digestive system (K00-K93),12758
2008,Males,Diseases of the digestive system (K00-K93),12981
2002,Males,Diseases of the digestive system (K00-K93),13000
2001,Females,Accidents,13165
2002,Females,Diseases of the nervous system and the sense organs (G00-H95),13225
2001,Males,Diseases of the digestive system (K00-K93),13226
2003,Males,Diseases of the digestive system (K00-K93),13453
2006,Males,Accidents,13524
2007,Males,Accidents,13585
2004,Males,Accidents,13599
2003,Females,Accidents,13624
2008,Males,Accidents,13815
2004,Females,Diseases of the nervous system and the sense organs (G00-H95),13853
2005,Males,Accidents,13944
2008,Males,Cerebrovascular diseases,13951
2003,Females,"Endocrine, nutritional and metabolic diseases (E00-E90)",14081
2007,Males,Cerebrovascular diseases,14085
2006,Males,Cerebrovascular diseases,14235
2004,Males,Cerebrovascular diseases,14515
2006,Females,Diseases of the respiratory system (J00-J99),14546
2004,Females,Diseases of the respiratory system (J00-J99),14563
2006,Females,External causes of morbidity and mortality (V01-Y89),14801
2007,Females,External causes of morbidity and mortality (V01-Y89),14817
2005,Males,Cerebrovascular diseases,14844
2008,Females,External causes of morbidity and mortality (V01-Y89),14861
2004,Males,"Symptoms, signs and abnormal clinical and laboratory findings, not elsewhere classified (R00-R99)",14974
2003,Females,Diseases of the nervous system and the sense organs (G00-H95),15098
2004,Females,External causes of morbidity and mortality (V01-Y89),15179
2003,Males,Accidents,15299
2001,Females,Diseases of the respiratory system (J00-J99),15332
2006,Males,"Symptoms, signs and abnormal clinical and laboratory findings, not elsewhere classified (R00-R99)",15332
2007,Females,Diseases of the respiratory system (J00-J99),15348
2005,Females,External causes of morbidity and mortality (V01-Y89),15369
2002,Males,Accidents,15515
2005,Females,Diseases of the nervous system and the sense organs (G00-H95),15615
2008,Females,Diseases of the respiratory system (J00-J99),15743
2005,Males,"Symptoms, signs and abnormal clinical and laboratory findings, not elsewhere classified (R00-R99)",15836
2001,Males,Accidents,15867
2001,Males,"Symptoms, signs and abnormal clinical and laboratory findings, not elsewhere classified (R00-R99)",15872
2002,Males,Cerebrovascular diseases,15948
2007,Males,"Symptoms, signs and abnormal clinical and laboratory findings, not elsewhere classified (R00-R99)",16045
2002,Males,"Symptoms, signs and abnormal clinical and laboratory findings, not elsewhere classified (R00-R99)",16071
2003,Males,Cerebrovascular diseases,16120
2006,Females,Diseases of the nervous system and the sense organs (G00-H95),16212
2001,Males,Cerebrovascular diseases,16223
2004,Males,Diseases of the respiratory system (J00-J99),16230
2002,Females,Diseases of the respiratory system (J00-J99),16378
2008,Females,Ischaemic heart diseases,16464
2006,Males,Diseases of the respiratory system (J00-J99),16581
2007,Females,Ischaemic heart diseases,16663
2002,Females,External causes of morbidity and mortality (V01-Y89),16893
2008,Males,"Symptoms, signs and abnormal clinical and laboratory findings, not elsewhere classified (R00-R99)",16895
2001,Females,External causes of morbidity and mortality (V01-Y89),16977
2003,Males,"Symptoms, signs and abnormal clinical and laboratory findings, not elsewhere classified (R00-R99)",17010
2006,Females,Ischaemic heart diseases,17030
2007,Males,Diseases of the respiratory system (J00-J99),17257
2005,Females,Diseases of the respiratory system (J00-J99),17268
2001,Males,Diseases of the respiratory system (J00-J99),17292
2007,Females,Diseases of the nervous system and the sense organs (G00-H95),17305
2008,Males,Diseases of the respiratory system (J00-J99),17516
2003,Females,External causes of morbidity and mortality (V01-Y89),17542
2003,Females,Diseases of the respiratory system (J00-J99),17572
2004,Females,Ischaemic heart diseases,17812
2005,Females,Ischaemic heart diseases,17842
2002,Males,Diseases of the respiratory system (J00-J99),17849
2004,Females,"Symptoms, signs and abnormal clinical and laboratory findings, not elsewhere classified (R00-R99)",18342
2005,Males,Diseases of the respiratory system (J00-J99),18366
2008,Females,Diseases of the nervous system and the sense organs (G00-H95),18698
2007,Females,Cerebrovascular diseases,18724
2004,Males,"Other heart diseases (I30-I33, I39-I52)",18837
2006,Males,"Other heart diseases (I30-I33, I39-I52)",18915
2003,Males,Diseases of the respiratory system (J00-J99),18939
2006,Females,"Symptoms, signs and abnormal clinical and laboratory findings, not elsewhere classified (R00-R99)",18966
2008,Females,Cerebrovascular diseases,19211
2005,Males,"Other heart diseases (I30-I33, I39-I52)",19344
2006,Females,Cerebrovascular diseases,19390
2007,Males,"Other heart diseases (I30-I33, I39-I52)",19416
2001,Males,"Other heart diseases (I30-I33, I39-I52)",19513
2002,Females,Ischaemic heart diseases,19549
2007,Females,"Symptoms, signs and abnormal clinical and laboratory findings, not elsewhere classified (R00-R99)",19640
2002,Males,"Other heart diseases (I30-I33, I39-I52)",19657
2008,Males,"Other heart diseases (I30-I33, I39-I52)",19698
2003,Females,Ischaemic heart diseases,19741
2005,Females,"Symptoms, signs and abnormal clinical and laboratory findings, not elsewhere classified (R00-R99)",19781
2001,Females,"Symptoms, signs and abnormal clinical and laboratory findings, not elsewhere classified (R00-R99)",19862
2003,Males,"Malignant neoplasm of kidney, except renal pelvis",2001
2007,Males,"Malignant neoplasm of kidney, except renal pelvis",2015
2001,Females,Malignant neoplasm of stomach,2020
2002,Females,Malignant neoplasm of stomach,2031
2006,Males,"Malignant neoplasm of kidney, except renal pelvis",2034
2008,Males,"Malignant neoplasm of kidney, except renal pelvis",2059
2008,Females,Malignant neoplasm of liver and intrahepatic bile ducts,2119
2001,Females,Transport accidents (V01-V99),2125
2001,Females,Malignant neoplasm of other parts of uterus,2192
2002,Females,Malignant neoplasm of other parts of uterus,2214
2008,Females,Chronic liver disease,2234
2001,Males,"Malignant neoplasm of rectosigmoid junction, rectum, anus and anal canal",2242
2004,Females,Malignant neoplasm of other parts of uterus,2254
2004,Females,Diseases of the musculoskeletal system and connective tissue (M00-M99),2279
2005,Females,Malignant neoplasm of other parts of uterus,2288
2003,Females,Malignant neoplasm of other parts of uterus,2299
2006,Females,Diseases of the musculoskeletal system and connective tissue (M00-M99),2305
2006,Females,Chronic liver disease,2308
2007,Females,Diseases of the musculoskeletal system and connective tissue (M00-M99),2317
2007,Females,Chronic liver disease,2321
2003,Males,"Malignant neoplasm of rectosigmoid junction, rectum, anus and anal canal",2325
2004,Females,Chronic liver disease,2327
2005,Females,Chronic liver disease,2340
2007,Males,"Malignant neoplasm of rectosigmoid junction, rectum, anus and anal canal",2357
2004,Males,"Malignant neoplasm of rectosigmoid junction, rectum, anus and anal canal",2363
2002,Males,"Malignant neoplasm of rectosigmoid junction, rectum, anus and anal canal",2365
2005,Females,Diseases of the musculoskeletal system and connective tissue (M00-M99),2370
2004,Males,Mental and behavioural disorders due to use of alcohol,2371
2006,Females,Malignant neoplasm of other parts of uterus,2389
2005,Males,"Malignant neoplasm of rectosigmoid junction, rectum, anus and anal canal",2395
2008,Females,Diseases of the musculoskeletal system and connective tissue (M00-M99),2399
2006,Males,"Malignant neoplasm of rectosigmoid junction, rectum, anus and anal canal",2422
2008,Females,Malignant neoplasm of other parts of uterus,2434
2007,Males,Mental and behavioural disorders due to use of alcohol,2438
2006,Males,Mental and behavioural disorders due to use of alcohol,2477
2003,Females,Chronic liver disease,2479
2007,Females,Malignant neoplasm of other parts of uterus,2481
2008,Males,Mental and behavioural disorders due to use of alcohol,2510
2001,Females,Diseases of the musculoskeletal system and connective tissue (M00-M99),2518
2001,Males,Mental and behavioural disorders due to use of alcohol,2523
2008,Males,"Malignant neoplasm of rectosigmoid junction, rectum, anus and anal canal",2533
2005,Males,Mental and behavioural disorders due to use of alcohol,2534
2001,Males,Falls,2546
2003,Males,Mental and behavioural disorders due to use of alcohol,2552
2002,Males,Mental and behavioural disorders due to use of alcohol,2559
2003,Females,Diseases of the musculoskeletal system and connective tissue (M00-M99),2594
2002,Females,Chronic liver disease,2600
2001,Females,Chronic liver disease,2602
2006,Males,Falls,2610
2004,Males,Falls,2625
2002,Females,Diseases of the musculoskeletal system and connective tissue (M00-M99),2630
2005,Males,Falls,2635
2007,Males,Falls,2657
2002,Males,Falls,2673
2006,Females,Falls,2709
2007,Females,Intentional self-harm,2744
2008,Females,Intentional self-harm,2768
2005,Females,Falls,2775
2003,Males,Falls,2788
2002,Females,Falls,2790
2001,Females,Falls,2791
2004,Females,Falls,2799
2001,Males,Diseases of kidney and ureter,2809
2008,Females,Falls,2815
2001,Females,Intentional self-harm,2827
2007,Females,Falls,2832
2008,Males,Falls,2836
2006,Females,Intentional self-harm,2861
2003,Females,Intentional self-harm,2864
2005,Females,Intentional self-harm,2937
2002,Females,Intentional self-harm,2945
2004,Females,Intentional self-harm,2979
2004,Females,Cerebrovascular diseases,20024
2003,Males,"Other heart diseases (I30-I33, I39-I52)",20036
2005,Females,Cerebrovascular diseases,20076
2001,Females,Ischaemic heart diseases,20125
2002,Females,"Symptoms, signs and abnormal clinical and laboratory findings, not elsewhere classified (R00-R99)",20475
2008,Females,"Symptoms, signs and abnormal clinical and laboratory findings, not elsewhere classified (R00-R99)",20789
2002,Females,Cerebrovascular diseases,21835
2008,Males,Ischaemic heart diseases,21842
2007,Males,Ischaemic heart diseases,22027
2003,Females,Cerebrovascular diseases,22116
2003,Females,"Symptoms, signs and abnormal clinical and laboratory findings, not elsewhere classified (R00-R99)",22274
2006,Males,Ischaemic heart diseases,22363
2001,Males,"Malignant neoplasm of larynx,  trachea, bronchus and lung",22457
2002,Males,"Malignant neoplasm of larynx,  trachea, bronchus and lung",22533
2001,Females,Cerebrovascular diseases,22599
2003,Males,"Malignant neoplasm of larynx,  trachea, bronchus and lung",22700
2007,Males,External causes of morbidity and mortality (V01-Y89),22760
2006,Males,External causes of morbidity and mortality (V01-Y89),22914
2004,Males,"Malignant neoplasm of larynx,  trachea, bronchus and lung",22965
2004,Males,External causes of morbidity and mortality (V01-Y89),23129
2008,Males,External causes of morbidity and mortality (V01-Y89),23138
2005,Males,Ischaemic heart diseases,23300
2005,Males,External causes of morbidity and mortality (V01-Y89),23399
2004,Males,Ischaemic heart diseases,23420
2005,Males,"Malignant neoplasm of larynx,  trachea, bronchus and lung",23467
2008,Males,"Malignant neoplasm of larynx,  trachea, bronchus and lung",23491
2006,Males,"Malignant neoplasm of larynx,  trachea, bronchus and lung",23519
2007,Males,"Malignant neoplasm of larynx,  trachea, bronchus and lung",23584
2003,Males,Ischaemic heart diseases,24213
2004,Females,"Other heart diseases (I30-I33, I39-I52)",24405
2002,Males,Ischaemic heart diseases,24569
2001,Males,Ischaemic heart diseases,24913
2002,Males,External causes of morbidity and mortality (V01-Y89),25024
2006,Females,"Other heart diseases (I30-I33, I39-I52)",25073
2001,Males,External causes of morbidity and mortality (V01-Y89),25102
2003,Males,External causes of morbidity and mortality (V01-Y89),25133
2007,Females,"Other heart diseases (I30-I33, I39-I52)",25355
2005,Females,"Other heart diseases (I30-I33, I39-I52)",25664
2004,Females,All causes of death (A00-Y89) excluding S00-T98,250788
2006,Females,All causes of death (A00-Y89) excluding S00-T98,255160
2007,Females,All causes of death (A00-Y89) excluding S00-T98,257419
2008,Females,"Other heart diseases (I30-I33, I39-I52)",26136
2001,Females,"Other heart diseases (I30-I33, I39-I52)",26190
2002,Females,"Other heart diseases (I30-I33, I39-I52)",26604
2005,Females,All causes of death (A00-Y89) excluding S00-T98,261633
2001,Females,All causes of death (A00-Y89) excluding S00-T98,263325
2008,Females,All causes of death (A00-Y89) excluding S00-T98,265541
2002,Females,All causes of death (A00-Y89) excluding S00-T98,266555
2004,Males,All causes of death (A00-Y89) excluding S00-T98,268653
2003,Females,"Other heart diseases (I30-I33, I39-I52)",27084
2006,Males,All causes of death (A00-Y89) excluding S00-T98,271406
2007,Males,All causes of death (A00-Y89) excluding S00-T98,273401
2005,Males,All causes of death (A00-Y89) excluding S00-T98,276553
2008,Males,All causes of death (A00-Y89) excluding S00-T98,277598
2001,Males,All causes of death (A00-Y89) excluding S00-T98,277858
2003,Females,All causes of death (A00-Y89) excluding S00-T98,277858
2002,Males,All causes of death (A00-Y89) excluding S00-T98,278794
2003,Males,All causes of death (A00-Y89) excluding S00-T98,284729
2008,Males,Malignant neoplasm of stomach,3020
2001,Females,Diseases of kidney and ureter,3056
2002,Males,Diseases of kidney and ureter,3099
2004,Males,Diseases of kidney and ureter,3106
2007,Males,Malignant neoplasm of stomach,3123
2003,Males,Diseases of kidney and ureter,3139
2003,Females,Falls,3149
2006,Males,Malignant neoplasm of stomach,3166
2003,Males,Malignant neoplasm of stomach,3174
2008,Males,Malignant neoplasm of oesophagus,3175
2005,Males,Malignant neoplasm of stomach,3177
2006,Males,Malignant neoplasm of oesophagus,3193
2004,Females,Diseases of kidney and ureter,3194
2007,Males,Malignant neoplasm of oesophagus,3196
2001,Males,Malignant neoplasm of stomach,3213
2004,Males,Malignant neoplasm of stomach,3216
2008,Males,"Malignant neoplasm of lip, oral cavity, pharynx",3217
2005,Males,Diseases of kidney and ureter,3228
2001,Males,Malignant neoplasm of bladder,3231
2007,Males,Diseases of kidney and ureter,3239
2002,Females,Diseases of kidney and ureter,3251
2002,Males,Malignant neoplasm of stomach,3256
2004,Males,Malignant neoplasm of oesophagus,3257
2006,Males,Diseases of kidney and ureter,3258
2001,Females,Malignant neoplasm of ovary,3260
2003,Females,Diseases of kidney and ureter,3269
2004,Females,Malignant neoplasm of ovary,3272
2003,Females,Malignant neoplasm of ovary,3279
2004,Females,Chronic lower respiratory diseases,3286
2001,Females,Chronic lower respiratory diseases,3291
2006,Females,Chronic lower respiratory diseases,3305
2002,Males,Malignant neoplasm of bladder,3306
2007,Males,"Malignant neoplasm of lip, oral cavity, pharynx",3317
2005,Males,Malignant neoplasm of oesophagus,3323
2002,Females,Malignant neoplasm of ovary,3334
2005,Females,Malignant neoplasm of ovary,3349
2006,Females,Malignant neoplasm of ovary,3363
2002,Females,Chronic lower respiratory diseases,3390
2006,Females,Diseases of kidney and ureter,3391
2007,Females,Malignant neoplasm of ovary,3393
2003,Males,Malignant neoplasm of oesophagus,3401
2005,Females,Diseases of kidney and ureter,3411
2001,Males,Malignant neoplasm of oesophagus,3442
2005,Males,"Malignant neoplasm of lip, oral cavity, pharynx",3442
2008,Females,Malignant neoplasm of ovary,3458
2004,Males,Malignant neoplasm of bladder,3460
2006,Males,"Malignant neoplasm of lip, oral cavity, pharynx",3473
2008,Females,Chronic lower respiratory diseases,3483
2003,Males,Malignant neoplasm of bladder,3490
2008,Males,Transport accidents (V01-V99),3506
2002,Males,Malignant neoplasm of oesophagus,3509
2008,Males,Malignant neoplasm of bladder,3527
2007,Females,Chronic lower respiratory diseases,3539
2007,Females,Diseases of kidney and ureter,3551
2001,Females,Malignant neoplasm of pancreas,3554
2008,Males,Diseases of kidney and ureter,3559
2003,Females,Malignant neoplasm of pancreas,3577
2006,Males,Malignant neoplasm of bladder,3579
2008,Females,Diseases of kidney and ureter,3606
2005,Males,Malignant neoplasm of bladder,3611
2004,Males,"Malignant neoplasm of lip, oral cavity, pharynx",3623
2003,Males,"Malignant neoplasm of lip, oral cavity, pharynx",3635
2002,Females,Malignant neoplasm of pancreas,3659
2007,Males,Malignant neoplasm of bladder,3674
2005,Females,Chronic lower respiratory diseases,3676
2007,Males,Transport accidents (V01-V99),3697
2001,Males,Diseases of the genitourinary system  (N00-N99),3698
2003,Females,Chronic lower respiratory diseases,3714
2001,Males,"Malignant neoplasm of lip, oral cavity, pharynx",3755
2004,Females,Malignant neoplasm of pancreas,3773
2001,Males,Malignant neoplasm of pancreas,3788
2006,Males,Transport accidents (V01-V99),3828
2002,Males,"Malignant neoplasm of lip, oral cavity, pharynx",3834
2002,Males,Malignant neoplasm of pancreas,3875
2005,Females,Malignant neoplasm of pancreas,3907
2003,Males,Malignant neoplasm of pancreas,3946
2004,Males,Diseases of the genitourinary system  (N00-N99),3973
2002,Males,Diseases of the genitourinary system  (N00-N99),3984
2001,Females,Diseases of the genitourinary system  (N00-N99),3994
2006,Females,Malignant neoplasm of pancreas,4049
2004,Females,Diseases of the genitourinary system  (N00-N99),4052
2004,Males,Malignant neoplasm of pancreas,4088
2003,Males,Diseases of the genitourinary system  (N00-N99),4121
2007,Males,Diseases of the genitourinary system  (N00-N99),4180
2005,Males,Diseases of the genitourinary system  (N00-N99),4184
2002,Females,Diseases of the genitourinary system  (N00-N99),4191
2006,Males,Diseases of the genitourinary system  (N00-N99),4192
2005,Males,Transport accidents (V01-V99),4204
2005,Males,Malignant neoplasm of pancreas,4235
2004,Males,Transport accidents (V01-V99),4237
2007,Females,Malignant neoplasm of pancreas,4246
2006,Males,Malignant neoplasm of pancreas,4307
2006,Females,Diseases of the genitourinary system  (N00-N99),4331
2005,Females,Diseases of the genitourinary system  (N00-N99),4386
2008,Females,Malignant neoplasm of pancreas,4404
2003,Females,Diseases of the genitourinary system  (N00-N99),4437
2007,Males,Malignant neoplasm of pancreas,4493
2004,Males,Pneumonia,4506
2007,Females,Diseases of the genitourinary system  (N00-N99),4528
2008,Males,Diseases of the genitourinary system  (N00-N99),4540
2001,Females,"Malignant neoplasm of larynx,  trachea, bronchus and lung",4624
2006,Males,Pneumonia,4653
2008,Females,Diseases of the genitourinary system  (N00-N99),4676
2008,Males,Malignant neoplasm of pancreas,4767
2003,Males,Transport accidents (V01-V99),4811
2004,Females,Certain infectious and parasitic diseases (A00-B99),4824
2007,Females,Certain infectious and parasitic diseases (A00-B99),4938
2001,Males,Pneumonia,4947
2006,Females,Certain infectious and parasitic diseases (A00-B99),4961
2005,Females,Certain infectious and parasitic diseases (A00-B99),5063
2004,Males,Certain infectious and parasitic diseases (A00-B99),5067
2002,Females,"Malignant neoplasm of larynx,  trachea, bronchus and lung",5091
2008,Males,Pneumonia,5107
2007,Males,Pneumonia,5118
2004,Females,Ill-defined and unknown causes of mortality,5143
2001,Females,Certain infectious and parasitic diseases (A00-B99),5157
2004,Females,Pneumonia,5176
2006,Females,Pneumonia,5190
2002,Females,Certain infectious and parasitic diseases (A00-B99),5194
2002,Males,Diabetes mellitus,5195
2005,Males,Certain infectious and parasitic diseases (A00-B99),5206
2002,Males,Pneumonia,5214
2005,Males,Pneumonia,5225
2002,Males,Malignant neoplasm of liver and intrahepatic bile ducts,5231
2001,Males,Malignant neoplasm of liver and intrahepatic bile ducts,5258
2007,Males,Certain infectious and parasitic diseases (A00-B99),5266
2001,Males,Diabetes mellitus,5318
2003,Males,Malignant neoplasm of liver and intrahepatic bile ducts,5321
2006,Males,Certain infectious and parasitic diseases (A00-B99),5331
2004,Males,Diabetes mellitus,5344
2004,Males,Malignant neoplasm of liver and intrahepatic bile ducts,5345
2001,Males,Certain infectious and parasitic diseases (A00-B99),5347
2007,Males,Diabetes mellitus,5367
2007,Females,Pneumonia,5401
2003,Females,"Malignant neoplasm of larynx,  trachea, bronchus and lung",5422
2006,Males,Diabetes mellitus,5433
2008,Males,Certain infectious and parasitic diseases (A00-B99),5434
2008,Males,Chronic liver disease,5440
2004,Males,Chronic lower respiratory diseases,5446
2007,Males,Chronic liver disease,5453
2002,Males,Certain infectious and parasitic diseases (A00-B99),5468
2006,Females,Ill-defined and unknown causes of mortality,5473
2008,Females,Certain infectious and parasitic diseases (A00-B99),5486
2006,Males,Chronic lower respiratory diseases,5511
2003,Males,Pneumonia,5514
2005,Males,Malignant neoplasm of liver and intrahepatic bile ducts,5516
2007,Males,Malignant neoplasm of liver and intrahepatic bile ducts,5529
2008,Males,Malignant neoplasm of liver and intrahepatic bile ducts,5544
2006,Males,Chronic liver disease,5554
2001,Males,Chronic lower respiratory diseases,5566
2006,Males,Malignant neoplasm of liver and intrahepatic bile ducts,5578
2005,Males,Chronic liver disease,5579
2005,Males,Diabetes mellitus,5594
2004,Males,Chronic liver disease,5601
2003,Males,Diabetes mellitus,5611
2008,Males,Diabetes mellitus,5615
2003,Males,Certain infectious and parasitic diseases (A00-B99),5616
2007,Males,Chronic lower respiratory diseases,5649
2002,Males,Chronic lower respiratory diseases,5656
2002,Males,Transport accidents (V01-V99),5672
2004,Females,"Malignant neoplasm of larynx,  trachea, bronchus and lung",5677
2008,Females,Pneumonia,5701
2007,Females,Ill-defined and unknown causes of mortality,5703
2001,Females,Pneumonia,5773
2003,Females,Certain infectious and parasitic diseases (A00-B99),5781
2001,Females,Malignant neoplasm of colon,5786
2008,Males,Chronic lower respiratory diseases,5808
2001,Males,Transport accidents (V01-V99),5840
2004,Females,Malignant neoplasm of colon,5853
2002,Females,Malignant neoplasm of colon,5867
2006,Females,"Malignant neoplasms, stated or presumed to be primary, of lymphoid, haematopoietic and related tissue",5879
2005,Females,Ill-defined and unknown causes of mortality,5884
2007,Females,"Malignant neoplasms, stated or presumed to be primary, of lymphoid, haematopoietic and related tissue",5887
2004,Females,"Malignant neoplasms, stated or presumed to be primary, of lymphoid, haematopoietic and related tissue",5894
2006,Females,Malignant neoplasm of colon,5917
2007,Females,Malignant neoplasm of colon,5937
2001,Females,"Malignant neoplasms, stated or presumed to be primary, of lymphoid, haematopoietic and related tissue",5976
2002,Females,Ill-defined and unknown causes of mortality,5982
2005,Females,Malignant neoplasm of colon,5990
2001,Females,Malignant neoplasms (C00-C97),58262
2002,Females,Malignant neoplasms (C00-C97),59385
2004,Females,Malignant neoplasms (C00-C97),59794
2003,Females,Malignant neoplasms (C00-C97),59885
2005,Females,"Malignant neoplasms, stated or presumed to be primary, of lymphoid, haematopoietic and related tissue",6018
2002,Females,"Malignant neoplasms, stated or presumed to be primary, of lymphoid, haematopoietic and related tissue",6024
2005,Males,Chronic lower respiratory diseases,6026
2002,Males,Chronic liver disease,6037
2004,Females,Diabetes mellitus,6053
2003,Females,"Malignant neoplasms, stated or presumed to be primary, of lymphoid, haematopoietic and related tissue",6075
2003,Females,Malignant neoplasm of colon,6082
2006,Females,Diabetes mellitus,6086
2002,Females,Pneumonia,6097
2008,Females,Diabetes mellitus,6098
2008,Females,"Malignant neoplasms, stated or presumed to be primary, of lymphoid, haematopoietic and related tissue",6099
2003,Males,Chronic lower respiratory diseases,6108
2003,Males,Chronic liver disease,6122
2005,Females,"Malignant neoplasm of larynx,  trachea, bronchus and lung",6127
2005,Females,Pneumonia,6132
2007,Females,Diabetes mellitus,6134
2008,Females,Malignant neoplasm of colon,6156
2001,Males,Chronic liver disease,6174
2003,Females,Ill-defined and unknown causes of mortality,6174
2005,Females,Diabetes mellitus,6210
2001,Females,Diabetes mellitus,6223
2001,Females,Ill-defined and unknown causes of mortality,6249
2002,Males,Malignant neoplasm of colon,6267
2001,Males,Malignant neoplasm of colon,6274
2008,Females,Ill-defined and unknown causes of mortality,6305
2003,Males,Malignant neoplasm of colon,6314
2006,Males,Malignant neoplasm of colon,6379
2007,Males,Malignant neoplasm of colon,6416
2005,Males,Malignant neoplasm of colon,6461
2008,Males,Malignant neoplasm of colon,6505
2002,Females,Diabetes mellitus,6517
2006,Females,"Malignant neoplasm of larynx,  trachea, bronchus and lung",6534
2004,Males,Malignant neoplasm of colon,6541
2003,Females,Pneumonia,6578
2004,Males,"Malignant neoplasms, stated or presumed to be primary, of lymphoid, haematopoietic and related tissue",6625
2004,Males,Ill-defined and unknown causes of mortality,6642
2002,Males,"Malignant neoplasms, stated or presumed to be primary, of lymphoid, haematopoietic and related tissue",6703
2007,Females,"Malignant neoplasm of larynx,  trachea, bronchus and lung",6729
2003,Females,Diabetes mellitus,6744
2005,Males,"Malignant neoplasms, stated or presumed to be primary, of lymphoid, haematopoietic and related tissue",6785
2003,Males,"Malignant neoplasms, stated or presumed to be primary, of lymphoid, haematopoietic and related tissue",6797
2006,Males,"Malignant neoplasms, stated or presumed to be primary, of lymphoid, haematopoietic and related tissue",6836
2006,Males,Ill-defined and unknown causes of mortality,6860
2001,Males,"Malignant neoplasms, stated or presumed to be primary, of lymphoid, haematopoietic and related tissue",6863
2004,Males,Mental and behavioural disorders (F00-F99),6921
2007,Males,"Malignant neoplasms, stated or presumed to be primary, of lymphoid, haematopoietic and related tissue",6958
2005,Females,Malignant neoplasms (C00-C97),61027
2001,Females,Neoplasms,61421
2006,Females,Malignant neoplasms (C00-C97),61464
2007,Females,Malignant neoplasms (C00-C97),61499
2002,Females,Neoplasms,62599
2004,Females,Neoplasms,62907
2003,Females,Neoplasms,63145
2008,Females,Malignant neoplasms (C00-C97),63494
2005,Females,Neoplasms,64281
2006,Females,Neoplasms,64651
2007,Females,Neoplasms,64724
2008,Females,Neoplasms,66897
2006,Males,Diseases of the circulatory system (I00-I99),69625
2007,Males,Diseases of the circulatory system (I00-I99),69630
2008,Males,Diseases of the circulatory system (I00-I99),69721
2007,Males,Ill-defined and unknown causes of mortality,7022
2008,Males,"Malignant neoplasms, stated or presumed to be primary, of lymphoid, haematopoietic and related tissue",7043
2008,Females,"Malignant neoplasm of larynx,  trachea, bronchus and lung",7043
2005,Males,Ill-defined and unknown causes of mortality,7084
2006,Males,Mental and behavioural disorders (F00-F99),7201
2008,Males,Ill-defined and unknown causes of mortality,7323
2007,Males,Mental and behavioural disorders (F00-F99),7420
2005,Males,Mental and behavioural disorders (F00-F99),7424
2001,Males,Mental and behavioural disorders (F00-F99),7468
2002,Males,Ill-defined and unknown causes of mortality,7475
2002,Males,Mental and behavioural disorders (F00-F99),7476
2003,Males,Ill-defined and unknown causes of mortality,7523
2007,Males,Intentional self-harm,7559
2008,Males,Mental and behavioural disorders (F00-F99),7718
2001,Males,Ill-defined and unknown causes of mortality,7726
2006,Males,Intentional self-harm,7740
2008,Males,Intentional self-harm,7797
2001,Males,Intentional self-harm,7798
2003,Males,Mental and behavioural disorders (F00-F99),7841
2002,Males,Intentional self-harm,7865
2005,Males,Intentional self-harm,7958
2004,Males,Diseases of the circulatory system (I00-I99),70815
2005,Males,Diseases of the circulatory system (I00-I99),71557
2002,Males,Diseases of the circulatory system (I00-I99),74756
2003,Males,Diseases of the circulatory system (I00-I99),75040
2001,Males,Diseases of the circulatory system (I00-I99),75350
2007,Females,Diseases of the circulatory system (I00-I99),78472
2006,Females,Diseases of the circulatory system (I00-I99),78832
2004,Females,Diseases of the circulatory system (I00-I99),79510
2008,Females,Diseases of the circulatory system (I00-I99),79820
2004,Males,Intentional self-harm,8000
2003,Males,Intentional self-harm,8187
2001,Males,"Endocrine, nutritional and metabolic diseases (E00-E90)",8356
2002,Males,"Endocrine, nutritional and metabolic diseases (E00-E90)",8366
2006,Males,"Endocrine, nutritional and metabolic diseases (E00-E90)",8372
2007,Males,"Endocrine, nutritional and metabolic diseases (E00-E90)",8392
2004,Males,"Endocrine, nutritional and metabolic diseases (E00-E90)",8426
2005,Males,"Endocrine, nutritional and metabolic diseases (E00-E90)",8597
2008,Males,"Endocrine, nutritional and metabolic diseases (E00-E90)",8892
2005,Females,Diseases of the circulatory system (I00-I99),81322
2002,Females,Diseases of the circulatory system (I00-I99),86365
2001,Females,Diseases of the circulatory system (I00-I99),87725
2003,Females,Diseases of the circulatory system (I00-I99),87738
2001,Males,Malignant neoplasms (C00-C97),88481
2004,Males,Malignant neoplasms (C00-C97),88852
2002,Males,Malignant neoplasms (C00-C97),89122
2003,Males,Malignant neoplasms (C00-C97),89397
2006,Males,Malignant neoplasms (C00-C97),89915
2008,Males,Malignant neoplasm of prostate,9195
2006,Males,Malignant neoplasm of prostate,9236
2007,Males,Malignant neoplasm of prostate,9297
2001,Males,Malignant neoplasm of prostate,9327
2004,Females,Mental and behavioural disorders (F00-F99),9372
2005,Males,Malignant neoplasm of prostate,9393
2004,Males,Malignant neoplasm of prostate,9398
2003,Males,"Endocrine, nutritional and metabolic diseases (E00-E90)",9403
2001,Males,Diseases of the nervous system and the sense organs (G00-H95),9497
2002,Males,Malignant neoplasm of prostate,9526
2006,Females,Mental and behavioural disorders (F00-F99),9632
2007,Females,Mental and behavioural disorders (F00-F99),9692
2003,Males,Malignant neoplasm of prostate,9695
2002,Males,Diseases of the nervous system and the sense organs (G00-H95),9773
2005,Females,Mental and behavioural disorders (F00-F99),9949
2008,Females,Mental and behavioural disorders (F00-F99),9962
2004,Males,Diseases of the nervous system and the sense organs (G00-H95),9980
2005,Males,Malignant neoplasms (C00-C97),90157
2007,Males,Malignant neoplasms (C00-C97),90397
2008,Males,Malignant neoplasms (C00-C97),90481
2001,Males,Neoplasms,91737
2004,Males,Neoplasms,92071
2002,Males,Neoplasms,92331
2003,Males,Neoplasms,92631
2006,Males,Neoplasms,93207
2005,Males,Neoplasms,93550
2007,Males,Neoplasms,93773
2008,Males,Neoplasms,93872
